test/loss,test/Accuracy,test/BalancedAccuracy,test/Precision,test/Recall
0.06604809314012527,0.9831223487854004,0.9831223487854004,0.9831545352935791,0.9831223487854004
