,Accuracy,Precision,Recall
cardboard,0.98312235,0.99148935,0.98312235
glass,0.98734176,0.9811321,0.98734176
metal,0.97890294,0.9768421,0.97890294
