,Accuracy,Precision,Recall
cardboard,0.9915612,0.9915612,0.9915612
glass,0.9472574,0.9846491,0.9472574
metal,0.97890294,0.9430894,0.97890294
