test/loss,test/Accuracy,test/BalancedAccuracy,test/Precision,test/Recall
0.09311585128307343,0.9725738167762756,0.9725738763809204,0.9730998873710632,0.9725738763809204
